{"db":[{"meta":{"exported_on":1408707150477,"version":"003"},"data":{"posts":[{"id":1,"uuid":"f62d2058-5e7a-46b0-8d98-2b5537def085","title":"Welcome to Ghost","slug":"welcome-to-ghost","markdown":"![](/content/images/2014/Aug/article-bg-7-1.jpg)\nYou're live! Nice. We've put together a little post to introduce you to the Ghost editor and get you started. You can manage your content by signing in to the admin area at `<your blog URL>/ghost/`. When you arrive, you can select this post from a list on the left and see a preview of it on the right. Click the little pencil icon at the top of the preview to edit this post and read the next section!\n\n## Getting Started\n\nGhost uses something called Markdown for writing. Essentially, it's a shorthand way to manage your post formatting as you write!\n\nWriting in Markdown is really easy. In the left hand panel of Ghost, you simply write as you normally would. Where appropriate, you can use *shortcuts* to **style** your content. For example, a list:\n\n* Item number one\n* Item number two\n    * A nested item\n* A final item\n\nor with numbers!\n\n1. Remember to buy some milk\n2. Drink the milk\n3. Tweet that I remembered to buy the milk, and drank it\n\n### Links\n\nWant to link to a source? No problem. If you paste in url, like http://ghost.org - it'll automatically be linked up. But if you want to customise your anchor text, you can do that too! Here's a link to [the Ghost website](http://ghost.org). Neat.\n\n### What about Images?\n\nImages work too! Already know the URL of the image you want to include in your article? Simply paste it in like this to make it show up:\n\n![The Ghost Logo](https://ghost.org/images/ghost.png)\n\nNot sure which image you want to use yet? That's ok too. Leave yourself a descriptive placeholder and keep writing. Come back later and drag and drop the image in to upload:\n\n![A bowl of bananas]\n\n\n### Quoting\n\nSometimes a link isn't enough, you want to quote someone on what they've said. It was probably very wisdomous. Is wisdomous a word? Find out in a future release when we introduce spellcheck! For now - it's definitely a word.\n\n> Wisdomous - it's definitely a word.\n\n### Working with Code\n\nGot a streak of geek? We've got you covered there, too. You can write inline `<code>` blocks really easily with back ticks. Want to show off something more comprehensive? 4 spaces of indentation gets you there.\n\n    .awesome-thing {\n        display: block;\n        width: 100%;\n    }\n\n### Ready for a Break? \n\nThrow 3 or more dashes down on any new line and you've got yourself a fancy new divider. Aw yeah.\n\n---\n\n### Advanced Usage\n\nThere's one fantastic secret about Markdown. If you want, you can  write plain old HTML and it'll still work! Very flexible.\n\n<input type=\"text\" placeholder=\"I'm an input field!\" />\n\nThat should be enough to get you started. Have fun - and let us know what you think :)","html":"<p><img src=\"/content/images/2014/Aug/article-bg-7-1.jpg\" alt=\"\" />\nYou're live! Nice. We've put together a little post to introduce you to the Ghost editor and get you started. You can manage your content by signing in to the admin area at <code>&lt;your blog URL&gt;/ghost/</code>. When you arrive, you can select this post from a list on the left and see a preview of it on the right. Click the little pencil icon at the top of the preview to edit this post and read the next section!</p>\n\n<h2 id=\"gettingstarted\">Getting Started</h2>\n\n<p>Ghost uses something called Markdown for writing. Essentially, it's a shorthand way to manage your post formatting as you write!</p>\n\n<p>Writing in Markdown is really easy. In the left hand panel of Ghost, you simply write as you normally would. Where appropriate, you can use <em>shortcuts</em> to <strong>style</strong> your content. For example, a list:</p>\n\n<ul>\n<li>Item number one</li>\n<li>Item number two\n<ul><li>A nested item</li></ul></li>\n<li>A final item</li>\n</ul>\n\n<p>or with numbers!</p>\n\n<ol>\n<li>Remember to buy some milk  </li>\n<li>Drink the milk  </li>\n<li>Tweet that I remembered to buy the milk, and drank it</li>\n</ol>\n\n<h3 id=\"links\">Links</h3>\n\n<p>Want to link to a source? No problem. If you paste in url, like <a href='http://ghost.org'>http://ghost.org</a> - it'll automatically be linked up. But if you want to customise your anchor text, you can do that too! Here's a link to <a href=\"http://ghost.org\">the Ghost website</a>. Neat.</p>\n\n<h3 id=\"whataboutimages\">What about Images?</h3>\n\n<p>Images work too! Already know the URL of the image you want to include in your article? Simply paste it in like this to make it show up:</p>\n\n<p><img src=\"https://ghost.org/images/ghost.png\" alt=\"The Ghost Logo\" /></p>\n\n<p>Not sure which image you want to use yet? That's ok too. Leave yourself a descriptive placeholder and keep writing. Come back later and drag and drop the image in to upload:</p>\n\n<h3 id=\"quoting\">Quoting</h3>\n\n<p>Sometimes a link isn't enough, you want to quote someone on what they've said. It was probably very wisdomous. Is wisdomous a word? Find out in a future release when we introduce spellcheck! For now - it's definitely a word.</p>\n\n<blockquote>\n  <p>Wisdomous - it's definitely a word.</p>\n</blockquote>\n\n<h3 id=\"workingwithcode\">Working with Code</h3>\n\n<p>Got a streak of geek? We've got you covered there, too. You can write inline <code>&lt;code&gt;</code> blocks really easily with back ticks. Want to show off something more comprehensive? 4 spaces of indentation gets you there.</p>\n\n<pre><code>.awesome-thing {\n    display: block;\n    width: 100%;\n}\n</code></pre>\n\n<h3 id=\"readyforabreak\">Ready for a Break?</h3>\n\n<p>Throw 3 or more dashes down on any new line and you've got yourself a fancy new divider. Aw yeah.</p>\n\n<hr />\n\n<h3 id=\"advancedusage\">Advanced Usage</h3>\n\n<p>There's one fantastic secret about Markdown. If you want, you can  write plain old HTML and it'll still work! Very flexible.</p>\n\n<p><input type=\"text\" placeholder=\"I'm an input field!\" /></p>\n\n<p>That should be enough to get you started. Have fun - and let us know what you think :)</p>","image":null,"featured":0,"page":0,"status":"published","language":"en_US","meta_title":null,"meta_description":null,"author_id":1,"created_at":1408635760521,"created_by":1,"updated_at":1408648825675,"updated_by":1,"published_at":1408635760572,"published_by":1},{"id":2,"uuid":"96c8aebe-9e3f-4e19-85f5-8f06128d5c41","title":"Curabitur non nulla sit amet nisl tempus convallis quis ac lectus.","slug":"curabitur-non-nulla-sit-amet-nisl-tempus-convallis-quis-ac-lectus","markdown":"![](/content/images/2014/Aug/article-bg-4.jpg)\n\nPraesent sapien massa, convallis a pellentesque nec, egestas non nisi. Mauris blandit aliquet elit, eget tincidunt nibh pulvinar a. Quisque velit nisi, pretium ut lacinia in, elementum id enim. Mauris blandit aliquet elit, eget tincidunt nibh pulvinar a. Pellentesque in ipsum id orci porta dapibus. Proin eget tortor risus. Curabitur non nulla sit amet nisl tempus convallis quis ac lectus. Nulla quis lorem ut libero malesuada feugiat. Mauris blandit aliquet elit, eget tincidunt nibh pulvinar a. Sed porttitor lectus nibh.\n\n>Quisque velit nisi, pretium ut lacinia in, elementum id enim. Mauris blandit aliquet elit, eget tincidunt nibh pulvinar a. Pellentesque in ipsum id orci porta dapibus. Proin eget tortor risus. Curabitur non nulla sit amet nisl tempus convallis quis ac lectus.\n\n Nulla quis lorem ut libero malesuada feugiat. Mauris blandit aliquet elit, eget tincidunt nibh pulvinar a. Sed porttitor lectus nibh. Nulla quis lorem ut libero malesuada feugiat. Mauris blandit aliquet elit, eget tincidunt nibh pulvinar a. Sed porttitor lectus nibh. Nulla quis lorem ut libero malesuada feugiat. Mauris blandit aliquet elit, eget tincidunt nibh pulvinar a. Sed porttitor lectus nibh. Nulla quis lorem ut libero malesuada feugiat. Mauris blandit aliquet elit, eget tincidunt nibh pulvinar a. Sed porttitor lectus nibh. Nulla quis lorem ut libero malesuada feugiat. Mauris blandit aliquet elit, eget tincidunt nibh pulvinar a. Sed porttitor lectus nibh.\n \n ","html":"<p><img src=\"/content/images/2014/Aug/article-bg-4.jpg\" alt=\"\" /></p>\n\n<p>Praesent sapien massa, convallis a pellentesque nec, egestas non nisi. Mauris blandit aliquet elit, eget tincidunt nibh pulvinar a. Quisque velit nisi, pretium ut lacinia in, elementum id enim. Mauris blandit aliquet elit, eget tincidunt nibh pulvinar a. Pellentesque in ipsum id orci porta dapibus. Proin eget tortor risus. Curabitur non nulla sit amet nisl tempus convallis quis ac lectus. Nulla quis lorem ut libero malesuada feugiat. Mauris blandit aliquet elit, eget tincidunt nibh pulvinar a. Sed porttitor lectus nibh.</p>\n\n<blockquote>\n  <p>Quisque velit nisi, pretium ut lacinia in, elementum id enim. Mauris blandit aliquet elit, eget tincidunt nibh pulvinar a. Pellentesque in ipsum id orci porta dapibus. Proin eget tortor risus. Curabitur non nulla sit amet nisl tempus convallis quis ac lectus.</p>\n</blockquote>\n\n<p>Nulla quis lorem ut libero malesuada feugiat. Mauris blandit aliquet elit, eget tincidunt nibh pulvinar a. Sed porttitor lectus nibh. Nulla quis lorem ut libero malesuada feugiat. Mauris blandit aliquet elit, eget tincidunt nibh pulvinar a. Sed porttitor lectus nibh. Nulla quis lorem ut libero malesuada feugiat. Mauris blandit aliquet elit, eget tincidunt nibh pulvinar a. Sed porttitor lectus nibh. Nulla quis lorem ut libero malesuada feugiat. Mauris blandit aliquet elit, eget tincidunt nibh pulvinar a. Sed porttitor lectus nibh. Nulla quis lorem ut libero malesuada feugiat. Mauris blandit aliquet elit, eget tincidunt nibh pulvinar a. Sed porttitor lectus nibh.</p>","image":null,"featured":0,"page":0,"status":"published","language":"en_US","meta_title":null,"meta_description":null,"author_id":1,"created_at":1408648334212,"created_by":1,"updated_at":1408648334212,"updated_by":1,"published_at":1408648334221,"published_by":1},{"id":3,"uuid":"ebac7f0f-8093-4c3a-83da-bb17fed33530","title":"Quisque velit nisi, pretium ut lacinia in, elementum id enim. Donec sollicitudin molestie","slug":"quisque-velit-nisi-pretium-ut-lacinia-in-elementum-id-enim-donec-sollicitudin-molestie","markdown":"![](/content/images/2014/Aug/article-bg-2.jpg)\n\nVestibulum ac diam sit amet quam vehicula elementum sed sit amet dui. Donec rutrum congue leo eget malesuada. Pellentesque in ipsum id orci porta dapibus. Sed porttitor lectus nibh. Quisque velit nisi, pretium ut lacinia in, elementum id enim. Vestibulum ac diam sit amet quam vehicula elementum sed sit amet dui. Pellentesque in ipsum id orci porta dapibus. Vivamus suscipit tortor eget felis porttitor volutpat. Pellentesque in ipsum id orci porta dapibus. Mauris blandit aliquet elit, eget tincidunt nibh pulvinar a.\n\nVestibulum ac diam sit amet quam vehicula elementum sed sit amet dui. Donec rutrum congue leo eget malesuada. Pellentesque in ipsum id orci porta dapibus. Sed porttitor lectus nibh. Quisque velit nisi, pretium ut lacinia in, elementum id enim. Vestibulum ac diam sit amet quam vehicula elementum sed sit amet dui. Pellentesque in ipsum id orci porta dapibus. Vivamus suscipit tortor eget felis porttitor volutpat. Pellentesque in ipsum id orci porta dapibus.\n\nMauris blandit aliquet elit, eget tincidunt nibh pulvinar a.\nVestibulum ac diam sit amet quam vehicula elementum sed sit amet dui. Donec rutrum congue leo eget malesuada. Pellentesque in ipsum id orci porta dapibus. Sed porttitor lectus nibh. Quisque velit nisi, pretium ut lacinia in, elementum id enim. Vestibulum ac diam sit amet quam vehicula elementum sed sit amet dui. Pellentesque in ipsum id orci porta dapibus. Vivamus suscipit tortor eget felis porttitor volutpat. Pellentesque in ipsum id orci porta dapibus. Mauris blandit aliquet elit, eget tincidunt nibh pulvinar a.","html":"<p><img src=\"/content/images/2014/Aug/article-bg-2.jpg\" alt=\"\" /></p>\n\n<p>Vestibulum ac diam sit amet quam vehicula elementum sed sit amet dui. Donec rutrum congue leo eget malesuada. Pellentesque in ipsum id orci porta dapibus. Sed porttitor lectus nibh. Quisque velit nisi, pretium ut lacinia in, elementum id enim. Vestibulum ac diam sit amet quam vehicula elementum sed sit amet dui. Pellentesque in ipsum id orci porta dapibus. Vivamus suscipit tortor eget felis porttitor volutpat. Pellentesque in ipsum id orci porta dapibus. Mauris blandit aliquet elit, eget tincidunt nibh pulvinar a.</p>\n\n<p>Vestibulum ac diam sit amet quam vehicula elementum sed sit amet dui. Donec rutrum congue leo eget malesuada. Pellentesque in ipsum id orci porta dapibus. Sed porttitor lectus nibh. Quisque velit nisi, pretium ut lacinia in, elementum id enim. Vestibulum ac diam sit amet quam vehicula elementum sed sit amet dui. Pellentesque in ipsum id orci porta dapibus. Vivamus suscipit tortor eget felis porttitor volutpat. Pellentesque in ipsum id orci porta dapibus.</p>\n\n<p>Mauris blandit aliquet elit, eget tincidunt nibh pulvinar a. <br />\nVestibulum ac diam sit amet quam vehicula elementum sed sit amet dui. Donec rutrum congue leo eget malesuada. Pellentesque in ipsum id orci porta dapibus. Sed porttitor lectus nibh. Quisque velit nisi, pretium ut lacinia in, elementum id enim. Vestibulum ac diam sit amet quam vehicula elementum sed sit amet dui. Pellentesque in ipsum id orci porta dapibus. Vivamus suscipit tortor eget felis porttitor volutpat. Pellentesque in ipsum id orci porta dapibus. Mauris blandit aliquet elit, eget tincidunt nibh pulvinar a.</p>","image":null,"featured":0,"page":0,"status":"published","language":"en_US","meta_title":null,"meta_description":null,"author_id":1,"created_at":1408648416352,"created_by":1,"updated_at":1408648416352,"updated_by":1,"published_at":1408648416353,"published_by":1},{"id":4,"uuid":"6d6e15c3-741e-408f-9879-5c4e82718572","title":"Praesent sapien massa, convallis a pellentesque nec, egestas non nisi.","slug":"praesent-sapien-massa-convallis-a-pellentesque-nec-egestas-non-nisi","markdown":"![](/content/images/2014/Aug/article-bg.jpg)\n\nVivamus magna justo, lacinia eget consectetur sed, convallis at tellus. Donec rutrum congue leo eget malesuada. Vestibulum ac diam sit amet quam vehicula elementum sed sit amet dui. Quisque velit nisi, pretium ut lacinia in, elementum id enim. Mauris blandit aliquet elit, eget tincidunt nibh pulvinar a. Vestibulum ante ipsum primis in faucibus orci luctus et ultrices posuere cubilia Curae; Donec velit neque, auctor sit amet aliquam vel, ullamcorper sit amet ligula. Vestibulum ac diam sit amet quam vehicula elementum sed sit amet dui. Vivamus suscipit tortor eget felis porttitor volutpat. Donec rutrum congue leo eget malesuada. Nulla quis lorem ut libero malesuada feugiat.\n\n<iframe width=\"100%\" height=\"415\" src=\"//www.youtube.com/embed/Pe0jFDPHkzo\" frameborder=\"0\" allowfullscreen></iframe>\n\nVivamus magna justo, lacinia eget consectetur sed, convallis at tellus. Donec rutrum congue leo eget malesuada. Vestibulum ac diam sit amet quam vehicula elementum sed sit amet dui. Quisque velit nisi, pretium ut lacinia in, elementum id enim. Mauris blandit aliquet elit, eget tincidunt nibh pulvinar a. Vestibulum ante ipsum primis in faucibus orci luctus et ultrices posuere cubilia Curae; Donec velit neque, auctor sit amet aliquam vel, ullamcorper sit amet ligula. Vestibulum ac diam sit amet quam vehicula elementum sed sit amet dui. Vivamus suscipit tortor eget felis porttitor volutpat. Donec rutrum congue leo eget malesuada. Nulla quis lorem ut libero malesuada feugiat.\n\nVivamus magna justo, lacinia eget consectetur sed, convallis at tellus. Donec rutrum congue leo eget malesuada. Vestibulum ac diam sit amet quam vehicula elementum sed sit amet dui. Quisque velit nisi, pretium ut lacinia in, elementum id enim. Mauris blandit aliquet elit, eget tincidunt nibh pulvinar a. Vestibulum ante ipsum primis in faucibus orci luctus et ultrices posuere cubilia Curae; Donec velit neque, auctor sit amet aliquam vel, ullamcorper sit amet ligula. Vestibulum ac diam sit amet quam vehicula elementum sed sit amet dui. Vivamus suscipit tortor eget felis porttitor volutpat. Donec rutrum congue leo eget malesuada. Nulla quis lorem ut libero malesuada feugiat.\n","html":"<p><img src=\"/content/images/2014/Aug/article-bg.jpg\" alt=\"\" /></p>\n\n<p>Vivamus magna justo, lacinia eget consectetur sed, convallis at tellus. Donec rutrum congue leo eget malesuada. Vestibulum ac diam sit amet quam vehicula elementum sed sit amet dui. Quisque velit nisi, pretium ut lacinia in, elementum id enim. Mauris blandit aliquet elit, eget tincidunt nibh pulvinar a. Vestibulum ante ipsum primis in faucibus orci luctus et ultrices posuere cubilia Curae; Donec velit neque, auctor sit amet aliquam vel, ullamcorper sit amet ligula. Vestibulum ac diam sit amet quam vehicula elementum sed sit amet dui. Vivamus suscipit tortor eget felis porttitor volutpat. Donec rutrum congue leo eget malesuada. Nulla quis lorem ut libero malesuada feugiat.</p>\n\n<iframe width=\"100%\" height=\"415\" src=\"//www.youtube.com/embed/Pe0jFDPHkzo\" frameborder=\"0\" allowfullscreen></iframe>\n\n<p>Vivamus magna justo, lacinia eget consectetur sed, convallis at tellus. Donec rutrum congue leo eget malesuada. Vestibulum ac diam sit amet quam vehicula elementum sed sit amet dui. Quisque velit nisi, pretium ut lacinia in, elementum id enim. Mauris blandit aliquet elit, eget tincidunt nibh pulvinar a. Vestibulum ante ipsum primis in faucibus orci luctus et ultrices posuere cubilia Curae; Donec velit neque, auctor sit amet aliquam vel, ullamcorper sit amet ligula. Vestibulum ac diam sit amet quam vehicula elementum sed sit amet dui. Vivamus suscipit tortor eget felis porttitor volutpat. Donec rutrum congue leo eget malesuada. Nulla quis lorem ut libero malesuada feugiat.</p>\n\n<p>Vivamus magna justo, lacinia eget consectetur sed, convallis at tellus. Donec rutrum congue leo eget malesuada. Vestibulum ac diam sit amet quam vehicula elementum sed sit amet dui. Quisque velit nisi, pretium ut lacinia in, elementum id enim. Mauris blandit aliquet elit, eget tincidunt nibh pulvinar a. Vestibulum ante ipsum primis in faucibus orci luctus et ultrices posuere cubilia Curae; Donec velit neque, auctor sit amet aliquam vel, ullamcorper sit amet ligula. Vestibulum ac diam sit amet quam vehicula elementum sed sit amet dui. Vivamus suscipit tortor eget felis porttitor volutpat. Donec rutrum congue leo eget malesuada. Nulla quis lorem ut libero malesuada feugiat.</p>","image":null,"featured":0,"page":0,"status":"published","language":"en_US","meta_title":null,"meta_description":null,"author_id":1,"created_at":1408648551466,"created_by":1,"updated_at":1408648603342,"updated_by":1,"published_at":1408648551467,"published_by":1},{"id":5,"uuid":"4df65fd0-3211-4fb6-9982-7e112130d0c0","title":"Nulla quis lorem ut libero malesuada feugiat. Vestibulum ante ipsum primis in faucibus.","slug":"nulla-quis-lorem-ut-libero-malesuada-feugiat-vestibulum-ante-ipsum-primis-in-faucibus","markdown":"![](/content/images/2014/Aug/article-bg-5.jpg)\n\nDonec sollicitudin molestie malesuada. Mauris blandit aliquet elit, eget tincidunt nibh pulvinar a. Quisque velit nisi, pretium ut lacinia in, elementum id enim. Pellentesque in ipsum id orci porta dapibus. Vivamus suscipit tortor eget felis porttitor volutpat. Vestibulum ante ipsum primis in faucibus orci luctus et ultrices posuere cubilia Curae; Donec velit neque, auctor sit amet aliquam vel, ullamcorper sit amet ligula. Vivamus suscipit tortor eget felis porttitor volutpat. Nulla quis lorem ut libero malesuada feugiat. Praesent sapien massa, convallis a pellentesque nec, egestas non nisi. Vivamus suscipit tortor eget felis porttitor volutpat.\n\nDonec sollicitudin molestie malesuada. Mauris blandit aliquet elit, eget tincidunt nibh pulvinar a. Quisque velit nisi, pretium ut lacinia in, elementum id enim. Pellentesque in ipsum id orci porta dapibus. Vivamus suscipit tortor eget felis porttitor volutpat. Vestibulum ante ipsum primis in faucibus orci luctus et ultrices posuere cubilia Curae; Donec velit neque, auctor sit amet aliquam vel, ullamcorper sit amet ligula. Vivamus suscipit tortor eget felis porttitor volutpat. Nulla quis lorem ut libero malesuada feugiat. Praesent sapien massa, convallis a pellentesque nec, egestas non nisi. Vivamus suscipit tortor eget felis porttitor volutpat.","html":"<p><img src=\"/content/images/2014/Aug/article-bg-5.jpg\" alt=\"\" /></p>\n\n<p>Donec sollicitudin molestie malesuada. Mauris blandit aliquet elit, eget tincidunt nibh pulvinar a. Quisque velit nisi, pretium ut lacinia in, elementum id enim. Pellentesque in ipsum id orci porta dapibus. Vivamus suscipit tortor eget felis porttitor volutpat. Vestibulum ante ipsum primis in faucibus orci luctus et ultrices posuere cubilia Curae; Donec velit neque, auctor sit amet aliquam vel, ullamcorper sit amet ligula. Vivamus suscipit tortor eget felis porttitor volutpat. Nulla quis lorem ut libero malesuada feugiat. Praesent sapien massa, convallis a pellentesque nec, egestas non nisi. Vivamus suscipit tortor eget felis porttitor volutpat.</p>\n\n<p>Donec sollicitudin molestie malesuada. Mauris blandit aliquet elit, eget tincidunt nibh pulvinar a. Quisque velit nisi, pretium ut lacinia in, elementum id enim. Pellentesque in ipsum id orci porta dapibus. Vivamus suscipit tortor eget felis porttitor volutpat. Vestibulum ante ipsum primis in faucibus orci luctus et ultrices posuere cubilia Curae; Donec velit neque, auctor sit amet aliquam vel, ullamcorper sit amet ligula. Vivamus suscipit tortor eget felis porttitor volutpat. Nulla quis lorem ut libero malesuada feugiat. Praesent sapien massa, convallis a pellentesque nec, egestas non nisi. Vivamus suscipit tortor eget felis porttitor volutpat.</p>","image":null,"featured":0,"page":0,"status":"published","language":"en_US","meta_title":null,"meta_description":null,"author_id":1,"created_at":1408648687922,"created_by":1,"updated_at":1408648724912,"updated_by":1,"published_at":1408648687923,"published_by":1},{"id":6,"uuid":"7bdeab8c-c852-444f-bcbb-77c4e5c9a594","title":"Contact","slug":"contact","markdown":"<iframe src=\"https://www.google.com/maps/embed?pb=!1m14!1m12!1m3!1d116834.13673771202!2d90.41932575!3d23.780636450000003!2m3!1f0!2f0!3f0!3m2!1i1024!2i768!4f13.1!5e0!3m2!1sen!2sbd!4v1408645554040\" width=\"100%\" height=\"600\" frameborder=\"0\" style=\"border:0\"></iframe>\n\n\nCurabitur arcu erat, accumsan id imperdiet et, porttitor at sem. Donec sollicitudin molestie malesuada. Vivamus suscipit tortor eget felis porttitor volutpat. Mauris blandit aliquet elit, eget tincidunt nibh pulvinar a. Curabitur aliquet quam id dui posuere blandit. Proin eget tortor risus. Donec rutrum congue leo eget malesuada. Praesent sapien massa, convallis a pellentesque nec, egestas non nisi. Praesent sapien massa, convallis a pellentesque nec, egestas non nisi. Nulla quis lorem ut libero malesuada feugiat.Curabitur arcu erat, accumsan id imperdiet et, porttitor at sem. Donec sollicitudin molestie malesuada. Vivamus suscipit tortor eget felis porttitor volutpat. Mauris blandit aliquet elit, eget tincidunt nibh pulvinar a. Curabitur aliquet quam id dui posuere blandit. Proin eget tortor risus. Donec rutrum congue leo eget malesuada. Praesent sapien massa, convallis a pellentesque nec, egestas non nisi. Praesent sapien massa, convallis a pellentesque nec, egestas non nisi. Nulla quis lorem ut libero malesuada feugiat.","html":"<iframe src=\"https://www.google.com/maps/embed?pb=!1m14!1m12!1m3!1d116834.13673771202!2d90.41932575!3d23.780636450000003!2m3!1f0!2f0!3f0!3m2!1i1024!2i768!4f13.1!5e0!3m2!1sen!2sbd!4v1408645554040\" width=\"100%\" height=\"600\" frameborder=\"0\" style=\"border:0\"></iframe>\n\n<p>Curabitur arcu erat, accumsan id imperdiet et, porttitor at sem. Donec sollicitudin molestie malesuada. Vivamus suscipit tortor eget felis porttitor volutpat. Mauris blandit aliquet elit, eget tincidunt nibh pulvinar a. Curabitur aliquet quam id dui posuere blandit. Proin eget tortor risus. Donec rutrum congue leo eget malesuada. Praesent sapien massa, convallis a pellentesque nec, egestas non nisi. Praesent sapien massa, convallis a pellentesque nec, egestas non nisi. Nulla quis lorem ut libero malesuada feugiat.Curabitur arcu erat, accumsan id imperdiet et, porttitor at sem. Donec sollicitudin molestie malesuada. Vivamus suscipit tortor eget felis porttitor volutpat. Mauris blandit aliquet elit, eget tincidunt nibh pulvinar a. Curabitur aliquet quam id dui posuere blandit. Proin eget tortor risus. Donec rutrum congue leo eget malesuada. Praesent sapien massa, convallis a pellentesque nec, egestas non nisi. Praesent sapien massa, convallis a pellentesque nec, egestas non nisi. Nulla quis lorem ut libero malesuada feugiat.</p>","image":null,"featured":0,"page":1,"status":"published","language":"en_US","meta_title":null,"meta_description":null,"author_id":1,"created_at":1408649381516,"created_by":1,"updated_at":1408649381516,"updated_by":1,"published_at":1408649381517,"published_by":1},{"id":7,"uuid":"aa6ad857-f63d-4173-8c86-eda863c649a6","title":"We are web artisans beats together","slug":"about","markdown":"![](/content/images/2014/Aug/tx_team.jpg)\n\nThemexpert is not just a company or a front of any financially biased web-developing site; it is a heart and soul of a few bunch of web nerds. Initially we started our work on a very trivial basis, but as the time passed, there was an increasing demand of our eloquent designs. A small team constitute of some passionate and creative heads whose main goal is to make this exclusively complicated world of websites simple, and exquisite at the same time for the users; and user friendly for the clients.\n\nAll sort of Joomla templates and extensions are a grasping playground for our developers, coupled with photoshop, Bootsrap and jQuery, we are determined to serve the latest trend of design. We hope this world of technology with be detailed and improved in the most intelligible manner, and in future our contribution to its beautification will be substantially appreciated.","html":"<p><img src=\"/content/images/2014/Aug/tx_team.jpg\" alt=\"\" /></p>\n\n<p>Themexpert is not just a company or a front of any financially biased web-developing site; it is a heart and soul of a few bunch of web nerds. Initially we started our work on a very trivial basis, but as the time passed, there was an increasing demand of our eloquent designs. A small team constitute of some passionate and creative heads whose main goal is to make this exclusively complicated world of websites simple, and exquisite at the same time for the users; and user friendly for the clients.</p>\n\n<p>All sort of Joomla templates and extensions are a grasping playground for our developers, coupled with photoshop, Bootsrap and jQuery, we are determined to serve the latest trend of design. We hope this world of technology with be detailed and improved in the most intelligible manner, and in future our contribution to its beautification will be substantially appreciated.</p>","image":null,"featured":0,"page":1,"status":"published","language":"en_US","meta_title":null,"meta_description":null,"author_id":1,"created_at":1408649550337,"created_by":1,"updated_at":1408649896263,"updated_by":1,"published_at":1408649550338,"published_by":1},{"id":8,"uuid":"06af1a77-b1a4-4ff2-a71d-8cea4340c2ac","title":"Travel","slug":"travel","markdown":"![](/content/images/2014/Aug/header-bg-2.jpg)\n\nDonec rutrum congue leo eget malesuada. Mauris blandit aliquet elit, eget tincidunt nibh pulvinar a. Curabitur non nulla sit amet nisl tempus convallis quis ac lectus. Curabitur aliquet quam id dui posuere blandit. Praesent sapien massa, convallis a pellentesque nec, egestas non nisi. Cras ultricies ligula sed magna dictum porta. Quisque velit nisi, pretium ut lacinia in, elementum id enim. Curabitur non nulla sit amet nisl tempus convallis quis ac lectus. Vestibulum ac diam sit amet quam vehicula elementum sed sit amet dui. Vivamus suscipit tortor eget felis porttitor volutpat.\n\nCurabitur arcu erat, accumsan id imperdiet et, porttitor at sem. Curabitur arcu erat, accumsan id imperdiet et, porttitor at sem. Nulla porttitor accumsan tincidunt. Vivamus suscipit tortor eget felis porttitor volutpat. Praesent sapien massa, convallis a pellentesque nec, egestas non nisi. Mauris blandit aliquet elit, eget tincidunt nibh pulvinar a. Sed porttitor lectus nibh. Vivamus suscipit tortor eget felis porttitor volutpat. Vestibulum ante ipsum primis in faucibus orci luctus et ultrices posuere cubilia Curae; Donec velit neque, auctor sit amet aliquam vel, ullamcorper sit amet ligula. Vivamus suscipit tortor eget felis porttitor volutpat.\n\nNulla porttitor accumsan tincidunt. Nulla porttitor accumsan tincidunt. Vivamus magna justo, lacinia eget consectetur sed, convallis at tellus. Pellentesque in ipsum id orci porta dapibus. Curabitur arcu erat, accumsan id imperdiet et, porttitor at sem. Lorem ipsum dolor sit amet, consectetur adipiscing elit. Vivamus magna justo, lacinia eget consectetur sed, convallis at tellus. Vivamus magna justo, lacinia eget consectetur sed, convallis at tellus. Vestibulum ante ipsum primis in faucibus orci luctus et ultrices posuere cubilia Curae; Donec velit neque, auctor sit amet aliquam vel, ullamcorper sit amet ligula. Cras ultricies ligula sed magna dictum porta.\n\n![](/content/images/2014/Aug/article-bg-7-1-1.jpg)\n\nNulla quis lorem ut libero malesuada feugiat. Curabitur aliquet quam id dui posuere blandit. Nulla quis lorem ut libero malesuada feugiat. Lorem ipsum dolor sit amet, consectetur adipiscing elit. Curabitur aliquet quam id dui posuere blandit. Vestibulum ante ipsum primis in faucibus orci luctus et ultrices posuere cubilia Curae; Donec velit neque, auctor sit amet aliquam vel, ullamcorper sit amet ligula. Donec rutrum congue leo eget malesuada. Vivamus suscipit tortor eget felis porttitor volutpat. Nulla porttitor accumsan tincidunt. Curabitur non nulla sit amet nisl tempus convallis quis ac lectus.\n\nCurabitur aliquet quam id dui posuere blandit. Proin eget tortor risus. Vivamus suscipit tortor eget felis porttitor volutpat. Proin eget tortor risus. Nulla quis lorem ut libero malesuada feugiat. Mauris blandit aliquet elit, eget tincidunt nibh pulvinar a. Curabitur non nulla sit amet nisl tempus convallis quis ac lectus. Donec sollicitudin molestie malesuada. Nulla porttitor accumsan tincidunt. Sed porttitor lectus nibh.","html":"<p><img src=\"/content/images/2014/Aug/header-bg-2.jpg\" alt=\"\" /></p>\n\n<p>Donec rutrum congue leo eget malesuada. Mauris blandit aliquet elit, eget tincidunt nibh pulvinar a. Curabitur non nulla sit amet nisl tempus convallis quis ac lectus. Curabitur aliquet quam id dui posuere blandit. Praesent sapien massa, convallis a pellentesque nec, egestas non nisi. Cras ultricies ligula sed magna dictum porta. Quisque velit nisi, pretium ut lacinia in, elementum id enim. Curabitur non nulla sit amet nisl tempus convallis quis ac lectus. Vestibulum ac diam sit amet quam vehicula elementum sed sit amet dui. Vivamus suscipit tortor eget felis porttitor volutpat.</p>\n\n<p>Curabitur arcu erat, accumsan id imperdiet et, porttitor at sem. Curabitur arcu erat, accumsan id imperdiet et, porttitor at sem. Nulla porttitor accumsan tincidunt. Vivamus suscipit tortor eget felis porttitor volutpat. Praesent sapien massa, convallis a pellentesque nec, egestas non nisi. Mauris blandit aliquet elit, eget tincidunt nibh pulvinar a. Sed porttitor lectus nibh. Vivamus suscipit tortor eget felis porttitor volutpat. Vestibulum ante ipsum primis in faucibus orci luctus et ultrices posuere cubilia Curae; Donec velit neque, auctor sit amet aliquam vel, ullamcorper sit amet ligula. Vivamus suscipit tortor eget felis porttitor volutpat.</p>\n\n<p>Nulla porttitor accumsan tincidunt. Nulla porttitor accumsan tincidunt. Vivamus magna justo, lacinia eget consectetur sed, convallis at tellus. Pellentesque in ipsum id orci porta dapibus. Curabitur arcu erat, accumsan id imperdiet et, porttitor at sem. Lorem ipsum dolor sit amet, consectetur adipiscing elit. Vivamus magna justo, lacinia eget consectetur sed, convallis at tellus. Vivamus magna justo, lacinia eget consectetur sed, convallis at tellus. Vestibulum ante ipsum primis in faucibus orci luctus et ultrices posuere cubilia Curae; Donec velit neque, auctor sit amet aliquam vel, ullamcorper sit amet ligula. Cras ultricies ligula sed magna dictum porta.</p>\n\n<p><img src=\"/content/images/2014/Aug/article-bg-7-1-1.jpg\" alt=\"\" /></p>\n\n<p>Nulla quis lorem ut libero malesuada feugiat. Curabitur aliquet quam id dui posuere blandit. Nulla quis lorem ut libero malesuada feugiat. Lorem ipsum dolor sit amet, consectetur adipiscing elit. Curabitur aliquet quam id dui posuere blandit. Vestibulum ante ipsum primis in faucibus orci luctus et ultrices posuere cubilia Curae; Donec velit neque, auctor sit amet aliquam vel, ullamcorper sit amet ligula. Donec rutrum congue leo eget malesuada. Vivamus suscipit tortor eget felis porttitor volutpat. Nulla porttitor accumsan tincidunt. Curabitur non nulla sit amet nisl tempus convallis quis ac lectus.</p>\n\n<p>Curabitur aliquet quam id dui posuere blandit. Proin eget tortor risus. Vivamus suscipit tortor eget felis porttitor volutpat. Proin eget tortor risus. Nulla quis lorem ut libero malesuada feugiat. Mauris blandit aliquet elit, eget tincidunt nibh pulvinar a. Curabitur non nulla sit amet nisl tempus convallis quis ac lectus. Donec sollicitudin molestie malesuada. Nulla porttitor accumsan tincidunt. Sed porttitor lectus nibh.</p>","image":null,"featured":0,"page":1,"status":"published","language":"en_US","meta_title":null,"meta_description":null,"author_id":1,"created_at":1408649642245,"created_by":1,"updated_at":1408649668529,"updated_by":1,"published_at":1408649642246,"published_by":1}],"users":[{"id":1,"uuid":"b73a10e6-e06e-4e67-8a8e-fde3440e156e","name":"Mehedi Sharif Titas","slug":"mehedi-2","password":"$2a$10$hpB7ae.BBXCS5157qwooKOEi71qHYCt3QIb2ra.viR0ewwo7vsAba","email":"mehedishariftitas@gmail.com","image":"//www.gravatar.com/avatar/df5fe0c7d20b494dd2c68e0d8ef9bbf2?d=404&s=250","cover":null,"bio":"Proin eget tortor risus. Praesent sapien massa, convallis a pellentesque nec, egestas non nisi. Vestibulum ac diam sit amet quam vehicula elementum sed sit amet dui. Vestibulum ac diam sit amet quam .","website":"https://www.themexpert.com","location":"Dhaka Bangladesh","accessibility":null,"status":"active","language":"en_US","meta_title":null,"meta_description":null,"last_login":1408636007095,"created_at":1408635762186,"created_by":1,"updated_at":1408648218049,"updated_by":1}],"roles":[{"id":1,"uuid":"aa9d8073-68d7-4e60-bc65-e1884d9dc7ea","name":"Administrator","description":"Administrators","created_at":1408635760576,"created_by":1,"updated_at":1408635760576,"updated_by":1},{"id":2,"uuid":"b19f3e3f-187b-41d5-ae81-7b66fab2f1cb","name":"Editor","description":"Editors","created_at":1408635760578,"created_by":1,"updated_at":1408635760578,"updated_by":1},{"id":3,"uuid":"804aaac9-4e9f-46e6-82fb-be2288f1dbb5","name":"Author","description":"Authors","created_at":1408635760579,"created_by":1,"updated_at":1408635760579,"updated_by":1},{"id":4,"uuid":"36d9b8e7-583f-44ed-8f89-cbe1b004e494","name":"Owner","description":"Blog Owner","created_at":1408635760579,"created_by":1,"updated_at":1408635760579,"updated_by":1}],"roles_users":[{"id":1,"role_id":4,"user_id":1}],"permissions":[{"id":1,"uuid":"f19c2042-46f0-4d8d-b700-f5cd499cac6e","name":"Export database","object_type":"db","action_type":"exportContent","object_id":null,"created_at":1408635760674,"created_by":1,"updated_at":1408635760674,"updated_by":1},{"id":2,"uuid":"c88b2716-8df8-4d2a-891f-0423c12b2867","name":"Import database","object_type":"db","action_type":"importContent","object_id":null,"created_at":1408635760686,"created_by":1,"updated_at":1408635760686,"updated_by":1},{"id":3,"uuid":"90a70f5c-61d2-4847-a1a7-1f80eabf2d51","name":"Delete all content","object_type":"db","action_type":"deleteAllContent","object_id":null,"created_at":1408635760696,"created_by":1,"updated_at":1408635760696,"updated_by":1},{"id":4,"uuid":"25576f7c-6391-4360-82d3-71a37a6c7916","name":"Send mail","object_type":"mail","action_type":"send","object_id":null,"created_at":1408635760702,"created_by":1,"updated_at":1408635760702,"updated_by":1},{"id":5,"uuid":"a71184e5-4054-469c-827f-b5b88803a8ed","name":"Browse notifications","object_type":"notification","action_type":"browse","object_id":null,"created_at":1408635760716,"created_by":1,"updated_at":1408635760716,"updated_by":1},{"id":6,"uuid":"f7aabc2f-9341-41b2-bb0a-673092d1dbba","name":"Add notifications","object_type":"notification","action_type":"add","object_id":null,"created_at":1408635760720,"created_by":1,"updated_at":1408635760720,"updated_by":1},{"id":7,"uuid":"81b7f8aa-acfd-423f-8de2-54cef0ec9000","name":"Delete notifications","object_type":"notification","action_type":"destroy","object_id":null,"created_at":1408635760728,"created_by":1,"updated_at":1408635760728,"updated_by":1},{"id":8,"uuid":"63643aec-c66e-4068-a04e-b4ac7f0de736","name":"Browse posts","object_type":"post","action_type":"browse","object_id":null,"created_at":1408635760765,"created_by":1,"updated_at":1408635760765,"updated_by":1},{"id":9,"uuid":"ae6bc374-07db-4420-aec6-306ed4613b1e","name":"Read posts","object_type":"post","action_type":"read","object_id":null,"created_at":1408635760772,"created_by":1,"updated_at":1408635760772,"updated_by":1},{"id":10,"uuid":"6860e06a-4540-49a2-ba44-0f4b2a2d5dcb","name":"Edit posts","object_type":"post","action_type":"edit","object_id":null,"created_at":1408635760780,"created_by":1,"updated_at":1408635760780,"updated_by":1},{"id":11,"uuid":"958aca95-1385-4427-8a46-e0bf316a28cb","name":"Add posts","object_type":"post","action_type":"add","object_id":null,"created_at":1408635760784,"created_by":1,"updated_at":1408635760784,"updated_by":1},{"id":12,"uuid":"d1086141-5efb-4684-b02e-5be1453f52c7","name":"Delete posts","object_type":"post","action_type":"destroy","object_id":null,"created_at":1408635760791,"created_by":1,"updated_at":1408635760791,"updated_by":1},{"id":13,"uuid":"536f44fb-2156-4911-b489-2fa3f93ea236","name":"Browse settings","object_type":"setting","action_type":"browse","object_id":null,"created_at":1408635760794,"created_by":1,"updated_at":1408635760794,"updated_by":1},{"id":14,"uuid":"389e3d8a-0989-47a1-ba08-4af39566db46","name":"Read settings","object_type":"setting","action_type":"read","object_id":null,"created_at":1408635760800,"created_by":1,"updated_at":1408635760800,"updated_by":1},{"id":15,"uuid":"74278b84-ae3c-4677-8a22-31d85132bf13","name":"Edit settings","object_type":"setting","action_type":"edit","object_id":null,"created_at":1408635760804,"created_by":1,"updated_at":1408635760804,"updated_by":1},{"id":16,"uuid":"2ba6f1b0-7f91-41a2-b032-8c7a88bf0f8d","name":"Generate slugs","object_type":"slug","action_type":"generate","object_id":null,"created_at":1408635760811,"created_by":1,"updated_at":1408635760811,"updated_by":1},{"id":17,"uuid":"f70d2d42-889b-4699-a4f5-362770d7fb3a","name":"Browse tags","object_type":"tag","action_type":"browse","object_id":null,"created_at":1408635760821,"created_by":1,"updated_at":1408635760821,"updated_by":1},{"id":18,"uuid":"c8f82e59-e54a-40b2-9dfa-d505a6c26f90","name":"Read tags","object_type":"tag","action_type":"read","object_id":null,"created_at":1408635760831,"created_by":1,"updated_at":1408635760831,"updated_by":1},{"id":19,"uuid":"7bcaa432-3a9b-4ce0-8bc1-63d28442dd4f","name":"Edit tags","object_type":"tag","action_type":"edit","object_id":null,"created_at":1408635760835,"created_by":1,"updated_at":1408635760835,"updated_by":1},{"id":20,"uuid":"990854dd-23dd-4c16-a926-4983cf2e9548","name":"Add tags","object_type":"tag","action_type":"add","object_id":null,"created_at":1408635760837,"created_by":1,"updated_at":1408635760837,"updated_by":1},{"id":21,"uuid":"0a0df338-c00b-47be-9413-e019dc1f9987","name":"Delete tags","object_type":"tag","action_type":"destroy","object_id":null,"created_at":1408635760880,"created_by":1,"updated_at":1408635760880,"updated_by":1},{"id":22,"uuid":"8b8ec41c-e053-4f27-bd74-2ce488896261","name":"Browse themes","object_type":"theme","action_type":"browse","object_id":null,"created_at":1408635760888,"created_by":1,"updated_at":1408635760888,"updated_by":1},{"id":23,"uuid":"37809d40-63b3-429c-9ba3-f0d3aaa7f389","name":"Edit themes","object_type":"theme","action_type":"edit","object_id":null,"created_at":1408635760900,"created_by":1,"updated_at":1408635760900,"updated_by":1},{"id":24,"uuid":"19d54843-708d-462a-beed-09808b885c9e","name":"Browse users","object_type":"user","action_type":"browse","object_id":null,"created_at":1408635760908,"created_by":1,"updated_at":1408635760908,"updated_by":1},{"id":25,"uuid":"55980107-6fff-4393-abd5-b5b1b0fd476a","name":"Read users","object_type":"user","action_type":"read","object_id":null,"created_at":1408635760912,"created_by":1,"updated_at":1408635760912,"updated_by":1},{"id":26,"uuid":"64140e7c-3373-4796-a4b8-dab372e556f5","name":"Edit users","object_type":"user","action_type":"edit","object_id":null,"created_at":1408635760920,"created_by":1,"updated_at":1408635760920,"updated_by":1},{"id":27,"uuid":"ecf521a0-4612-4775-8a6e-fc70fbc4dd63","name":"Add users","object_type":"user","action_type":"add","object_id":null,"created_at":1408635760928,"created_by":1,"updated_at":1408635760928,"updated_by":1},{"id":28,"uuid":"b3dfbc29-dd79-4133-b2d1-878155a7791b","name":"Delete users","object_type":"user","action_type":"destroy","object_id":null,"created_at":1408635760931,"created_by":1,"updated_at":1408635760931,"updated_by":1},{"id":29,"uuid":"9abac35f-c75d-46b6-92d9-3dcc8b595266","name":"Assign a role","object_type":"role","action_type":"assign","object_id":null,"created_at":1408635760934,"created_by":1,"updated_at":1408635760934,"updated_by":1},{"id":30,"uuid":"570888b8-90f8-407e-ac05-6f46b03ca113","name":"Browse roles","object_type":"role","action_type":"browse","object_id":null,"created_at":1408635760937,"created_by":1,"updated_at":1408635760937,"updated_by":1}],"permissions_users":[],"permissions_roles":[{"id":1,"role_id":1,"permission_id":1},{"id":2,"role_id":1,"permission_id":2},{"id":3,"role_id":1,"permission_id":3},{"id":4,"role_id":1,"permission_id":4},{"id":5,"role_id":1,"permission_id":5},{"id":6,"role_id":1,"permission_id":6},{"id":7,"role_id":1,"permission_id":7},{"id":8,"role_id":1,"permission_id":8},{"id":9,"role_id":1,"permission_id":9},{"id":10,"role_id":1,"permission_id":10},{"id":11,"role_id":1,"permission_id":11},{"id":12,"role_id":1,"permission_id":12},{"id":13,"role_id":1,"permission_id":13},{"id":14,"role_id":1,"permission_id":14},{"id":15,"role_id":1,"permission_id":15},{"id":16,"role_id":1,"permission_id":16},{"id":17,"role_id":1,"permission_id":17},{"id":18,"role_id":1,"permission_id":18},{"id":19,"role_id":1,"permission_id":19},{"id":20,"role_id":1,"permission_id":20},{"id":21,"role_id":1,"permission_id":21},{"id":22,"role_id":1,"permission_id":22},{"id":23,"role_id":1,"permission_id":23},{"id":24,"role_id":1,"permission_id":24},{"id":25,"role_id":1,"permission_id":25},{"id":26,"role_id":1,"permission_id":26},{"id":27,"role_id":1,"permission_id":27},{"id":28,"role_id":1,"permission_id":28},{"id":29,"role_id":1,"permission_id":29},{"id":30,"role_id":1,"permission_id":30},{"id":31,"role_id":2,"permission_id":8},{"id":32,"role_id":2,"permission_id":9},{"id":33,"role_id":2,"permission_id":10},{"id":34,"role_id":2,"permission_id":11},{"id":35,"role_id":2,"permission_id":12},{"id":36,"role_id":2,"permission_id":13},{"id":37,"role_id":2,"permission_id":14},{"id":38,"role_id":2,"permission_id":16},{"id":39,"role_id":2,"permission_id":17},{"id":40,"role_id":2,"permission_id":18},{"id":41,"role_id":2,"permission_id":19},{"id":42,"role_id":2,"permission_id":20},{"id":43,"role_id":2,"permission_id":21},{"id":44,"role_id":2,"permission_id":24},{"id":45,"role_id":2,"permission_id":25},{"id":46,"role_id":2,"permission_id":26},{"id":47,"role_id":2,"permission_id":27},{"id":48,"role_id":2,"permission_id":28},{"id":49,"role_id":2,"permission_id":29},{"id":50,"role_id":2,"permission_id":30},{"id":51,"role_id":3,"permission_id":8},{"id":52,"role_id":3,"permission_id":9},{"id":53,"role_id":3,"permission_id":11},{"id":54,"role_id":3,"permission_id":13},{"id":55,"role_id":3,"permission_id":14},{"id":56,"role_id":3,"permission_id":16},{"id":57,"role_id":3,"permission_id":17},{"id":58,"role_id":3,"permission_id":18},{"id":59,"role_id":3,"permission_id":20},{"id":60,"role_id":3,"permission_id":24},{"id":61,"role_id":3,"permission_id":25},{"id":62,"role_id":3,"permission_id":30}],"permissions_apps":[],"settings":[{"id":1,"uuid":"df5e79d9-f430-45b0-a583-d25c5e0d01f1","key":"databaseVersion","value":"003","type":"core","created_at":1408635762213,"created_by":1,"updated_at":1408635762213,"updated_by":1},{"id":2,"uuid":"a68f437e-83d2-4fde-ad30-e9218bc82194","key":"dbHash","value":"8053e5f1-2426-4f80-a4dc-38306194adc4","type":"core","created_at":1408635762226,"created_by":1,"updated_at":1408635762226,"updated_by":1},{"id":3,"uuid":"d669ee7d-0f36-4e24-9ff0-f2987633f617","key":"nextUpdateCheck","value":"1408722361","type":"core","created_at":1408635762226,"created_by":1,"updated_at":1408635961951,"updated_by":1},{"id":4,"uuid":"618f4f9e-9759-4295-809b-b40c5ec87fbb","key":"displayUpdateNotification","value":"0.5.0","type":"core","created_at":1408635762227,"created_by":1,"updated_at":1408635961953,"updated_by":1},{"id":5,"uuid":"54f37efb-8380-4759-9f73-2bdc77f0773a","key":"title","value":"Discover and share outstanding blog","type":"blog","created_at":1408635762229,"created_by":1,"updated_at":1408648072453,"updated_by":1},{"id":6,"uuid":"1e0af3cd-c4cb-4ca5-94bc-75c2815731fa","key":"description","value":"Vestibulum ante ipsum primis in faucibus orci luctus et ultrices posuere cubilia Curae; Donec velit neque, auctor sit amet aliquam veVestibulum ante ipsum primis in faucibus orci luctus et ultrices ","type":"blog","created_at":1408635762230,"created_by":1,"updated_at":1408648072455,"updated_by":1},{"id":7,"uuid":"045ba43a-7488-4a0e-8fa2-e232d6df366d","key":"email","value":"mehedishariftitas@gmail.com","type":"blog","created_at":1408635762230,"created_by":1,"updated_at":1408648072457,"updated_by":1},{"id":8,"uuid":"00f381dc-77f2-494a-9895-9b951c4198ec","key":"logo","value":"/content/images/2014/Aug/logo.png","type":"blog","created_at":1408635762230,"created_by":1,"updated_at":1408648072458,"updated_by":1},{"id":9,"uuid":"d801d572-40c0-42ee-80b1-66c97bdcf0e2","key":"cover","value":"/content/images/2014/Aug/header-bg.jpg","type":"blog","created_at":1408635762230,"created_by":1,"updated_at":1408648072459,"updated_by":1},{"id":10,"uuid":"91a52a80-f244-414b-a7c7-4b73a4d36d62","key":"defaultLang","value":"en_US","type":"blog","created_at":1408635762230,"created_by":1,"updated_at":1408648072460,"updated_by":1},{"id":11,"uuid":"d9554321-7f49-4e4a-b158-a95f43013861","key":"postsPerPage","value":"5","type":"blog","created_at":1408635762230,"created_by":1,"updated_at":1408648072461,"updated_by":1},{"id":12,"uuid":"4224fe9e-4762-4f64-864f-5109b6d9265b","key":"forceI18n","value":"true","type":"blog","created_at":1408635762231,"created_by":1,"updated_at":1408648072462,"updated_by":1},{"id":13,"uuid":"8be6de5f-5047-4747-9622-4129854e2e39","key":"permalinks","value":"/:slug/","type":"blog","created_at":1408635762231,"created_by":1,"updated_at":1408648072463,"updated_by":1},{"id":14,"uuid":"e949d31f-0597-4882-bdaf-4c24776935a8","key":"activeTheme","value":"garden","type":"theme","created_at":1408635762238,"created_by":1,"updated_at":1408648072465,"updated_by":1},{"id":15,"uuid":"f0c68c4f-28e0-4977-a92e-e1615ac5d7ec","key":"activeApps","value":"[]","type":"app","created_at":1408635762238,"created_by":1,"updated_at":1408635762238,"updated_by":1},{"id":16,"uuid":"9bb1dd9e-3585-42b5-bad4-9dfe700f31f3","key":"installedApps","value":"[]","type":"app","created_at":1408635762239,"created_by":1,"updated_at":1408700151205,"updated_by":1}],"tags":[{"id":1,"uuid":"c5688771-a8e1-4240-bb52-07de5ab6804c","name":"Getting Started","slug":"getting-started","description":null,"image":null,"hidden":0,"parent_id":null,"meta_title":null,"meta_description":null,"created_at":1408635760575,"created_by":1,"updated_at":1408635760575,"updated_by":1},{"id":2,"uuid":"163ae003-0d2a-4d0f-9161-7090b53145a3","name":"single-post","slug":"single-post","description":null,"image":null,"hidden":0,"parent_id":null,"meta_title":null,"meta_description":null,"created_at":1408648751938,"created_by":1,"updated_at":1408648751938,"updated_by":1},{"id":3,"uuid":"ab1b5c6d-e8f0-4655-88a2-88f3ef5fa1b9","name":"only-post","slug":"only-post","description":null,"image":null,"hidden":0,"parent_id":null,"meta_title":null,"meta_description":null,"created_at":1408648768435,"created_by":1,"updated_at":1408648768435,"updated_by":1}],"posts_tags":[],"apps":[],"app_settings":[],"app_fields":[]}}]}